{"(8, 2)": {"loss": [0.038981013000011444, 0.010415587574243546], "accuracy": [0.9831396341323853, 0.9988541603088379]}, "(8, 5)": {"loss": [0.05181961879134178, 0.010705494321882725, 0.010515624657273293, 0.010420985519886017, 0.010364126414060593], "accuracy": [0.9883778095245361, 0.9988541603088379, 0.9988541603088379, 0.9988541603088379, 0.9988541603088379]}, "(8, 10)": {"loss": [0.03816857933998108, 0.011149168945848942, 0.010722034610807896, 0.010544032789766788, 0.010446556843817234, 0.01039437111467123, 0.010362177155911922, 0.010338743217289448, 0.010323384776711464, 0.010311495512723923], "accuracy": [0.8996562361717224, 0.9988541603088379, 0.9988541603088379, 0.9988541603088379, 0.9988541603088379, 0.9988541603088379, 0.9988541603088379, 0.9988541603088379, 0.9988541603088379, 0.9988541603088379]}, "(32, 2)": {"loss": [0.08355112373828888, 0.01055051852017641], "accuracy": [0.9756097793579102, 0.9988541603088379]}, "(32, 5)": {"loss": [0.02567790448665619, 0.01063419971615076, 0.01040351577103138, 0.010292530991137028, 0.010283585637807846], "accuracy": [0.9584220051765442, 0.9988541603088379, 0.9988541603088379, 0.9988541603088379, 0.9988541603088379]}, "(32, 10)": {"loss": [0.021828806027770042, 0.010479743592441082, 0.010359752923250198, 0.010326029732823372, 0.01030431967228651, 0.010290023870766163, 0.01028458308428526, 0.01027687918394804, 0.010266602970659733, 0.010256807319819927], "accuracy": [0.9664429426193237, 0.9988541603088379, 0.9988541603088379, 0.9988541603088379, 0.9988541603088379, 0.9988541603088379, 0.9988541603088379, 0.9988541603088379, 0.9988541603088379, 0.9988541603088379]}, "(64, 2)": {"loss": [0.025573942810297012, 0.010442373342812061], "accuracy": [0.9711900353431702, 0.9988541603088379]}, "(64, 5)": {"loss": [0.016854722052812576, 0.010432555340230465, 0.010288144461810589, 0.010244462639093399, 0.010219433344900608], "accuracy": [0.9885414838790894, 0.9988541603088379, 0.9988541603088379, 0.9988541603088379, 0.9988541603088379]}, "(64, 10)": {"loss": [0.031562838703393936, 0.010488202795386314, 0.010342271067202091, 0.010302853770554066, 0.010279514826834202, 0.01026671752333641, 0.010255889035761356, 0.010244134813547134, 0.010233934968709946, 0.010243979282677174], "accuracy": [0.9554755091667175, 0.9988541603088379, 0.9988541603088379, 0.9988541603088379, 0.9988541603088379, 0.9988541603088379, 0.9988541603088379, 0.9988541603088379, 0.9988541603088379, 0.9988541603088379]}}