{"(64, 2)": {"loss": [0.036155328154563904, 0.03186452388763428], "accuracy": [0.8976725339889526, 0.9095763564109802]}, "(64, 5)": {"loss": [0.03703618049621582, 0.03202066943049431, 0.03129829466342926, 0.03072063811123371, 0.03021504543721676], "accuracy": [0.8965551257133484, 0.9093929529190063, 0.9113463759422302, 0.9134916663169861, 0.9148693084716797]}, "(64, 10)": {"loss": [0.03699468821287155, 0.032274674624204636, 0.030979754403233528, 0.030749913305044174, 0.030208667740225792, 0.029793325811624527, 0.029596859589219093, 0.02936633676290512, 0.02926436997950077, 0.02924506366252899], "accuracy": [0.8951732516288757, 0.9092138409614563, 0.9128561615943909, 0.9138968586921692, 0.915683925151825, 0.9165753126144409, 0.9169122576713562, 0.917982816696167, 0.917807936668396, 0.918460488319397]}, "(64, 15)": {"loss": [0.03643512725830078, 0.032002393156290054, 0.031235286965966225, 0.03064548969268799, 0.03047553449869156, 0.03014097921550274, 0.030177338048815727, 0.029744887724518776, 0.029707403853535652, 0.02961805649101734, 0.029366713017225266, 0.029138460755348206, 0.029141414910554886, 0.028981519863009453, 0.028944889083504677], "accuracy": [0.8965082168579102, 0.9097853302955627, 0.9110862016677856, 0.9128945469856262, 0.913790225982666, 0.9146987199783325, 0.9158331751823425, 0.9168312549591064, 0.9167160987854004, 0.9168397784233093, 0.9181192517280579, 0.9188528656959534, 0.9187803864479065, 0.9198935627937317, 0.9193049669265747]}, "(128, 2)": {"loss": [0.03488122299313545, 0.031456753611564636], "accuracy": [0.903025209903717, 0.911781370639801]}, "(128, 5)": {"loss": [0.035204190760850906, 0.03124600648880005, 0.03055696375668049, 0.030092230066657066, 0.029558736830949783], "accuracy": [0.9020612835884094, 0.9114700555801392, 0.9135940670967102, 0.9162085056304932, 0.9171852469444275]}, "(128, 10)": {"loss": [0.03518938645720482, 0.031080232933163643, 0.030168801546096802, 0.02985535003244877, 0.02954891137778759, 0.02943015843629837, 0.029210899025201797, 0.029105152934789658, 0.02903296798467636, 0.02900528535246849], "accuracy": [0.9024366140365601, 0.9133424162864685, 0.9152573943138123, 0.9160634875297546, 0.9172747731208801, 0.9169762134552002, 0.9186950325965881, 0.9191855192184448, 0.9196504354476929, 0.9188400506973267]}, "(128, 15)": {"loss": [0.03467055782675743, 0.03128372132778168, 0.03063035011291504, 0.03012479469180107, 0.029912492260336876, 0.02982042357325554, 0.029356960207223892, 0.029126783832907677, 0.028912771493196487, 0.028993209823966026, 0.028856446966528893, 0.028749531134963036, 0.02871365286409855, 0.028587954118847847, 0.02846350334584713], "accuracy": [0.9032086133956909, 0.9124936461448669, 0.9142466187477112, 0.9160805940628052, 0.9164132475852966, 0.9171724319458008, 0.9177823662757874, 0.918763279914856, 0.9195011854171753, 0.919228196144104, 0.9199361801147461, 0.9197186827659607, 0.9200299978256226, 0.9202219247817993, 0.9211218953132629]}, "(256, 2)": {"loss": [0.03369370847940445, 0.030558865517377853], "accuracy": [0.906040608882904, 0.9148394465446472]}, "(256, 5)": {"loss": [0.03393637388944626, 0.03070935234427452, 0.030058976262807846, 0.029792197048664093, 0.02935740165412426], "accuracy": [0.9060363173484802, 0.9141570329666138, 0.9160592555999756, 0.9163578152656555, 0.9181747436523438]}, "(256, 10)": {"loss": [0.03377635031938553, 0.030734999105334282, 0.029772061854600906, 0.02952314354479313, 0.02944217249751091, 0.02918284945189953, 0.029052533209323883, 0.028900520876049995, 0.02881939895451069, 0.028785465285182], "accuracy": [0.9064756631851196, 0.9142850041389465, 0.9174880385398865, 0.9181448817253113, 0.9179955720901489, 0.9189339280128479, 0.9193987846374512, 0.9196674823760986, 0.9197527766227722, 0.9200257658958435]}, "(256, 15)": {"loss": [0.03362420201301575, 0.03057722933590412, 0.029910270124673843, 0.029525186866521835, 0.029367657378315926, 0.029043706133961678, 0.02876233495771885, 0.028599288314580917, 0.02835572510957718, 0.02827266976237297, 0.028512082993984222, 0.028175318613648415, 0.028308281674981117, 0.028395261615514755, 0.02825186401605606], "accuracy": [0.9063263535499573, 0.914792537689209, 0.9166051745414734, 0.9177098274230957, 0.9183069467544556, 0.9189723134040833, 0.9202774167060852, 0.9202091693878174, 0.9208489060401917, 0.9215313196182251, 0.9205162525177002, 0.9217744469642639, 0.9213991165161133, 0.9212071895599365, 0.9214417338371277]}, "(512, 2)": {"loss": [0.03294483572244644, 0.030460596084594727], "accuracy": [0.9087916016578674, 0.9154834747314453]}, "(512, 5)": {"loss": [0.03308195248246193, 0.030395181849598885, 0.02973927929997444, 0.029362402856349945, 0.029191844165325165], "accuracy": [0.9087489247322083, 0.9157862663269043, 0.9177183508872986, 0.9183709025382996, 0.9192495346069336]}, "(512, 10)": {"loss": [0.033338356763124466, 0.030440501868724823, 0.029823051765561104, 0.02931097149848938, 0.029118087142705917, 0.02911001816391945, 0.02908926084637642, 0.02883634716272354, 0.028868969529867172, 0.028663236647844315], "accuracy": [0.9081859588623047, 0.9161701202392578, 0.9177183508872986, 0.9185841679573059, 0.9193049669265747, 0.9195523262023926, 0.9194840788841248, 0.9201067686080933, 0.9200044274330139, 0.9203328490257263]}, "(512, 15)": {"loss": [0.033164557069540024, 0.030520759522914886, 0.029818683862686157, 0.029686089605093002, 0.029513100162148476, 0.029561806470155716, 0.029412891715765, 0.029021546244621277, 0.02901172637939453, 0.029070168733596802, 0.0288922730833292, 0.028671657666563988, 0.02858446165919304, 0.028503118082880974, 0.028414184227585793], "accuracy": [0.9082797765731812, 0.9151806235313416, 0.916690468788147, 0.9177013039588928, 0.9182898998260498, 0.9181278347969055, 0.9185585975646973, 0.9197784066200256, 0.9197741150856018, 0.9197826385498047, 0.9196547269821167, 0.9204992055892944, 0.9202731251716614, 0.9207934737205505, 0.9213735461235046]}}