{"(64, 2)": {"loss": [0.03840554878115654, 0.0339878648519516], "accuracy": [0.8905400037765503, 0.902306079864502], "testing_accuracy": 0.9043119704655919}, "(64, 5)": {"loss": [0.038851719349622726, 0.03414064645767212, 0.03345691040158272, 0.03319893777370453, 0.03280860185623169], "accuracy": [0.8891013860702515, 0.9024543762207031, 0.9034104943275452, 0.9046189785003662, 0.9057101607322693], "testing_accuracy": 0.9059653130062947}, "(64, 10)": {"loss": [0.03825950250029564, 0.034092191606760025, 0.03340856358408928, 0.0331319235265255, 0.03291517496109009, 0.03264029696583748, 0.032413192093372345, 0.03227710351347923, 0.03204924240708351, 0.032205093652009964], "accuracy": [0.8906484842300415, 0.901896595954895, 0.9045348763465881, 0.9054246544837952, 0.9058672785758972, 0.9069540500640869, 0.9078216552734375, 0.9081935286521912, 0.9083351492881775, 0.9080496430397034], "testing_accuracy": 0.9083490478340549}, "(64, 15)": {"loss": [0.03857267647981644, 0.034032952040433884, 0.03361412137746811, 0.03300565853714943, 0.032859791070222855, 0.032679371535778046, 0.03280149772763252, 0.032465171068906784, 0.03229523077607155, 0.03219553828239441, 0.03212770074605942, 0.03219751641154289, 0.031955868005752563, 0.032015446573495865, 0.032009005546569824], "accuracy": [0.8897387981414795, 0.9023016095161438, 0.9039129614830017, 0.9059270620346069, 0.905595064163208, 0.9067415595054626, 0.9063542485237122, 0.9073944687843323, 0.9076357483863831, 0.9083905220031738, 0.908585250377655, 0.908266544342041, 0.9092603325843811, 0.909176230430603, 0.9086893200874329], "testing_accuracy": 0.9078112135135853}, "(128, 2)": {"loss": [0.036921028047800064, 0.033697061240673065], "accuracy": [0.8947962522506714, 0.9030674695968628], "testing_accuracy": 0.9033691004222996}, "(128, 5)": {"loss": [0.036264803260564804, 0.033537257462739944, 0.03322884440422058, 0.03268926590681076, 0.03245909512042999], "accuracy": [0.8970892429351807, 0.9044883847236633, 0.9058385491371155, 0.9070647358894348, 0.9075250625610352], "testing_accuracy": 0.9086345648189955}, "(128, 10)": {"loss": [0.037099290639162064, 0.0339009165763855, 0.03329765051603317, 0.03300142660737038, 0.032718170434236526, 0.03254524990916252, 0.03250088170170784, 0.032330308109521866, 0.03223368152976036, 0.032066795974969864], "accuracy": [0.8945859670639038, 0.903215765953064, 0.9052453637123108, 0.9062612652778625, 0.9068898558616638, 0.907558262348175, 0.907454252243042, 0.9082090258598328, 0.9085985422134399, 0.9089239239692688], "testing_accuracy": 0.9099559108655813}, "(128, 15)": {"loss": [0.03701503574848175, 0.033834706991910934, 0.03315446153283119, 0.032692305743694305, 0.03272629529237747, 0.03274812921881676, 0.032544977962970734, 0.0324191190302372, 0.032253704965114594, 0.03222481533885002, 0.03198804333806038, 0.03194469213485718, 0.03184615820646286, 0.03183393180370331, 0.03170809894800186], "accuracy": [0.8945638537406921, 0.9030275940895081, 0.9051745533943176, 0.9067504405975342, 0.9067504405975342, 0.9067902565002441, 0.9075383543968201, 0.9080031514167786, 0.9085764288902283, 0.9087468385696411, 0.9096432328224182, 0.9097317457199097, 0.9097804427146912, 0.9094573259353638, 0.909709632396698], "testing_accuracy": 0.9060051525855887}, "(256, 2)": {"loss": [0.03611241653561592, 0.03359433636069298], "accuracy": [0.8981826305389404, 0.9046344757080078], "testing_accuracy": 0.9075987357573504}, "(256, 5)": {"loss": [0.03607330098748207, 0.03345704823732376, 0.032992929220199585, 0.03245183825492859, 0.03224792331457138], "accuracy": [0.8977532386779785, 0.9052232503890991, 0.9061019420623779, 0.9082200527191162, 0.9087734222412109], "testing_accuracy": 0.9093915168255823}, "(256, 10)": {"loss": [0.035821832716464996, 0.03334905579686165, 0.0328092984855175, 0.03243207931518555, 0.0324106365442276, 0.03212651237845421, 0.032050829380750656, 0.032001543790102005, 0.03187866881489754, 0.03184013068675995], "accuracy": [0.8983420133590698, 0.9051656723022461, 0.9068721532821655, 0.9081094264984131, 0.9081448316574097, 0.9090301394462585, 0.908740222454071, 0.909092128276825, 0.9096388220787048, 0.9097716212272644], "testing_accuracy": 0.9118018113728719}, "(256, 15)": {"loss": [0.036069296300411224, 0.03332420438528061, 0.032897140830755234, 0.03261212632060051, 0.03243965655565262, 0.03232606500387192, 0.03225543349981308, 0.0320143885910511, 0.031851716339588165, 0.031835127621889114, 0.031833622604608536, 0.03166968375444412, 0.03158564120531082, 0.03152959793806076, 0.03146420791745186], "accuracy": [0.8977909088134766, 0.9050461649894714, 0.9062590599060059, 0.9074653387069702, 0.9075560569763184, 0.9080297350883484, 0.9085410237312317, 0.9092138409614563, 0.9098513126373291, 0.9102696180343628, 0.9100527167320251, 0.9103847146034241, 0.911055326461792, 0.9112036228179932, 0.9110110402107239], "testing_accuracy": 0.9139133090754562}, "(512, 2)": {"loss": [0.03555074334144592, 0.03346465528011322], "accuracy": [0.8999488949775696, 0.905276358127594], "testing_accuracy": 0.9052814002284136}, "(512, 5)": {"loss": [0.03529755398631096, 0.033405862748622894, 0.03293563798069954, 0.03275532275438309, 0.03259943798184395], "accuracy": [0.9005331993103027, 0.9052298665046692, 0.9064626693725586, 0.9071886539459229, 0.9077198505401611], "testing_accuracy": 0.9073596982815861}, "(512, 10)": {"loss": [0.03548309952020645, 0.03329993784427643, 0.03281182795763016, 0.03261958807706833, 0.03237080201506615, 0.03225194290280342, 0.032178331166505814, 0.03196189925074577, 0.0319843627512455, 0.03190316632390022], "accuracy": [0.9000130295753479, 0.9055463671684265, 0.9074055552482605, 0.9080363512039185, 0.9085742235183716, 0.909001350402832, 0.9091430306434631, 0.9097074270248413, 0.9095989465713501, 0.9101412296295166], "testing_accuracy": 0.9120209290589891}, "(512, 15)": {"loss": [0.03539717569947243, 0.033282965421676636, 0.032791122794151306, 0.03259972110390663, 0.032557014375925064, 0.03240690752863884, 0.03234109282493591, 0.032161787152290344, 0.031949933618307114, 0.03196084126830101, 0.031938113272190094, 0.031912293285131454, 0.03189678117632866, 0.03188319876790047, 0.03180484473705292], "accuracy": [0.900174617767334, 0.9059624671936035, 0.9070602655410767, 0.9077596664428711, 0.9082156419754028, 0.9084281325340271, 0.908585250377655, 0.9094086289405823, 0.9100239276885986, 0.9101633429527283, 0.9097561240196228, 0.9098822474479675, 0.9101124405860901, 0.9100660085678101, 0.9098889231681824], "testing_accuracy": 0.9087474436269953}}