{"(64, 2)": {"loss": [0.03843772038817406, 0.034282758831977844], "accuracy": [0.8902722001075745, 0.9021356105804443]}, "(64, 5)": {"loss": [0.0391458123922348, 0.03437076136469841, 0.03342202305793762, 0.03317585214972496, 0.03295697644352913], "accuracy": [0.8893957138061523, 0.9022219777107239, 0.9048336744308472, 0.9055707454681396, 0.9058916568756104]}, "(64, 10)": {"loss": [0.0389302521944046, 0.03447829559445381, 0.03334171324968338, 0.03299959376454353, 0.03266080841422081, 0.03259732201695442, 0.03232065215706825, 0.03229168429970741, 0.032129354774951935, 0.03203635662794113], "accuracy": [0.889072597026825, 0.9016929864883423, 0.9046742916107178, 0.9058363437652588, 0.9070359468460083, 0.9073790311813354, 0.9078460335731506, 0.9084458351135254, 0.908760130405426, 0.9092027544975281]}, "(64, 15)": {"loss": [0.03887517750263214, 0.03467804938554764, 0.0335698164999485, 0.03338758274912834, 0.033036280423402786, 0.03283868357539177, 0.03253661468625069, 0.032554615288972855, 0.03240647539496422, 0.032335322350263596, 0.03221568092703819, 0.03206602856516838, 0.03194712847471237, 0.03182382136583328, 0.03198608011007309], "accuracy": [0.8886122107505798, 0.9005265235900879, 0.9047916531562805, 0.9048734903335571, 0.9061196446418762, 0.9070868492126465, 0.9076335430145264, 0.907219648361206, 0.9083395600318909, 0.9082931280136108, 0.9082244634628296, 0.9090390205383301, 0.9089416265487671, 0.9096587300300598, 0.9093621373176575]}, "(128, 2)": {"loss": [0.03689118102192879, 0.03365476429462433], "accuracy": [0.8952632546424866, 0.9038752913475037]}, "(128, 5)": {"loss": [0.03709334880113602, 0.033538829535245895, 0.03292975202202797, 0.03254678100347519, 0.03243107348680496], "accuracy": [0.894402265548706, 0.9045016765594482, 0.9063829779624939, 0.9070226550102234, 0.907890260219574]}, "(128, 10)": {"loss": [0.03692828118801117, 0.03388933464884758, 0.03321443498134613, 0.03303872421383858, 0.032674431800842285, 0.032374847680330276, 0.032319024205207825, 0.032221339643001556, 0.03201877698302269, 0.03208765760064125], "accuracy": [0.8955731391906738, 0.9028306007385254, 0.9051656723022461, 0.9058274626731873, 0.9077375531196594, 0.9075250625610352, 0.907810628414154, 0.9078681468963623, 0.9091386198997498, 0.9087136387825012]}, "(128, 15)": {"loss": [0.036780353635549545, 0.033677104860544205, 0.03328083083033562, 0.032698146998882294, 0.03243390470743179, 0.032341811805963516, 0.03230270370841026, 0.032130494713783264, 0.03208472952246666, 0.03203657642006874, 0.03177131712436676, 0.031865473836660385, 0.03178885579109192, 0.031637631356716156, 0.031632665544748306], "accuracy": [0.8957656621932983, 0.9038177728652954, 0.9050173759460449, 0.9068588614463806, 0.9076025485992432, 0.9078637361526489, 0.907987654209137, 0.9087468385696411, 0.9088464379310608, 0.9088420271873474, 0.9099509119987488, 0.9094042181968689, 0.9096078276634216, 0.9102984070777893, 0.910183310508728]}, "(256, 2)": {"loss": [0.03604062646627426, 0.03334951400756836], "accuracy": [0.8980830311775208, 0.9053892493247986]}, "(256, 5)": {"loss": [0.035856835544109344, 0.033479612320661545, 0.03286125138401985, 0.03273486718535423, 0.03249718248844147], "accuracy": [0.8988355994224548, 0.9049487709999084, 0.9069496393203735, 0.9075073599815369, 0.9075073599815369]}, "(256, 10)": {"loss": [0.0356910414993763, 0.03359571471810341, 0.0328214168548584, 0.03247050940990448, 0.03243179991841316, 0.032101478427648544, 0.03210562467575073, 0.03203210607171059, 0.03194728493690491, 0.03181793540716171], "accuracy": [0.8994309306144714, 0.9049133658409119, 0.9070558547973633, 0.9081005454063416, 0.9082975387573242, 0.9093378186225891, 0.90907883644104, 0.9090390205383301, 0.9096498489379883, 0.9098712205886841]}, "(256, 15)": {"loss": [0.03606942668557167, 0.033433396369218826, 0.03277475759387016, 0.03261249512434006, 0.03231889009475708, 0.03225616738200188, 0.03211076557636261, 0.03218686208128929, 0.03198332339525223, 0.03181149810552597, 0.031818587332963943, 0.03169931471347809, 0.03180666267871857, 0.031553030014038086, 0.03159332275390625], "accuracy": [0.8984549045562744, 0.9055707454681396, 0.9070049524307251, 0.9078415632247925, 0.9081315398216248, 0.9091474413871765, 0.9091386198997498, 0.9088730216026306, 0.9097317457199097, 0.9100925326347351, 0.909930944442749, 0.910340428352356, 0.9104644060134888, 0.9110708236694336, 0.9109203219413757]}, "(512, 2)": {"loss": [0.03528773784637451, 0.03307762369513512], "accuracy": [0.9004424214363098, 0.9070536494255066]}, "(512, 5)": {"loss": [0.035456523299217224, 0.033464644104242325, 0.03289477154612541, 0.0326429083943367, 0.032535213977098465], "accuracy": [0.8999909162521362, 0.9051457643508911, 0.9073347449302673, 0.9082001447677612, 0.9084082245826721]}, "(512, 10)": {"loss": [0.03535400703549385, 0.03327087685465813, 0.032878510653972626, 0.032506901770830154, 0.03227576985955238, 0.03203223645687103, 0.03203517943620682, 0.032018452882766724, 0.03205202892422676, 0.03197149932384491], "accuracy": [0.9005044102668762, 0.905816376209259, 0.9070669412612915, 0.9085963368415833, 0.9088752269744873, 0.9098911285400391, 0.9097539186477661, 0.9098756313323975, 0.9099000096321106, 0.9099863171577454]}, "(512, 15)": {"loss": [0.03531941398978233, 0.03325339034199715, 0.03278999775648117, 0.03251413628458977, 0.032442837953567505, 0.03224242851138115, 0.032081205397844315, 0.03201589360833168, 0.03200393542647362, 0.03182445093989372, 0.031938690692186356, 0.03190533071756363, 0.031755924224853516, 0.031663358211517334, 0.03163542225956917], "accuracy": [0.9002985954284668, 0.9064825773239136, 0.9074454307556152, 0.9080297350883484, 0.9088995456695557, 0.9091541171073914, 0.9099022150039673, 0.9099000096321106, 0.9096410274505615, 0.9106016159057617, 0.9101501107215881, 0.9101080298423767, 0.9104931354522705, 0.9111571311950684, 0.9108583331108093]}}